{"count":1,"self":7201.2005376,"total":22135.0298865,"children":{"InitializeActuators":{"count":16,"self":0.0029928,"total":0.0029928,"children":null},"InitializeSensors":{"count":16,"self":0.0039857999999999994,"total":0.0039857999999999994,"children":null},"AgentSendState":{"count":3623734,"self":1328.5765119999999,"total":2533.5823885,"children":{"CollectObservations":{"count":11595952,"self":58.922764799999996,"total":58.922762799999994,"children":null},"WriteActionMask":{"count":11595952,"self":43.3741984,"total":43.3741975,"children":null},"RequestDecision":{"count":11595952,"self":141.8143872,"total":1102.7088975,"children":{"AgentInfo.ToProto":{"count":11595952,"self":115.01271039999999,"total":960.8945097,"children":{"GenerateSensorData":{"count":11595952,"self":671.41785599999992,"total":845.88179959999991,"children":{"RayPerceptionSensor.Perceive":{"count":23191904,"self":174.4639488,"total":174.4639507,"children":null}}}}}}}}},"DecideAction":{"count":3623734,"self":11754.8294144,"total":11754.829767,"children":null},"AgentAct":{"count":3623734,"self":635.28586239999993,"total":641.02402339999992,"children":{"AgentInfo.ToProto":{"count":48153,"self":0.9660044,"total":5.7381394,"children":{"GenerateSensorData":{"count":48153,"self":3.9598671999999997,"total":4.772135,"children":{"RayPerceptionSensor.Perceive":{"count":96306,"self":0.81226789999999993,"total":0.81226789999999993,"children":null}}}}}}},"AgentInfo.ToProto":{"count":36064,"self":0.823518,"total":4.38356,"children":{"GenerateSensorData":{"count":36064,"self":2.945888,"total":3.5600419999999997,"children":{"RayPerceptionSensor.Perceive":{"count":72128,"self":0.61415389999999992,"total":0.61415389999999992,"children":null}}}}}},"gauges":{"shooterml.CumulativeReward":{"count":84217,"max":0.9993333,"min":-193.836349,"runningAverage":-0.618981838,"value":0.3523327,"weightedAverage":-0.41014868}},"metadata":{"timer_format_version":"0.1.0","start_time_seconds":"1645461474","unity_version":"2019.4.32f1","command_line_arguments":"C:\\Program Files\\Unity\\Hub\\Editor\\2019.4.32f1\\Editor\\Unity.exe -projectpath C:\/Users\/David Carrascosa\/OneDrive\/Documentos\/TFG1 -nolog -useHub -hubIPC -cloudEnvironment production -hubSessionId 3fc695d0-8fe3-11ec-a41e-53b9c5432575","communication_protocol_version":"1.5.0","com.unity.ml-agents_version":"2.0.1","scene_name":"Scenario4","end_time_seconds":"1645483609"}}